source,source_native_id,source_name,canonical_player_id,matched_to_master
opta,234369,Aarón Martín,234369,True
opta,604265,Abdou-Salam Konate,604265,True
opta,484743,Abdoulaye Ndiaye,484743,True
opta,578303,Adam Bakoune,opta_new_578303,False
opta,169107,Adam Marusic,169107,True
opta,484995,Adam Obert,484995,True
opta,662323,Adam Zulevic,opta_new_662323,False
opta,649948,Adrian Lahdo,649948,True
opta,609683,Adrian Przyborek,609683,True
opta,120743,Adrien Rabiot,opta_new_120743,False
opta,449926,Adrián Bernabé,449926,True
opta,484640,Akor Adams,opta_new_484640,False
opta,215147,Albert Gudmundsson,215147,True
opta,247014,Alberto Dossena,247014,True
opta,543173,Albion Rrahmani,opta_new_543173,False
opta,712678,Ale Gomes,opta_new_712678,False
opta,430847,Aleksa Terzic,opta_new_430847,False
opta,563722,Aleksandar Stankovic,opta_new_563722,False
opta,215977,Alessandro Bastoni,215977,True
opta,162330,Alessandro Deiola,162330,True
opta,666360,Alessandro Di Bitonto,opta_new_666360,False
opta,624931,Alessandro Marcandalli,624931,True
opta,620568,Alessandro Romano,620568,True
opta,643622,Alessio Cacciamani,opta_new_643622,False
opta,126551,Alessio Romagnoli,126551,True
opta,247099,Alessio Zerbin,247099,True
opta,610163,Alex Amorim,610163,True
opta,437746,Alexis Saelemaekers,437746,True
opta,208380,Alfonso Pedraza,opta_new_208380,False
opta,607395,Ali Dembélé,607395,True
opta,509026,Alieu Fadera,509026,True
opta,629450,Alieu Njie,629450,True
opta,539366,Alisson Santos,539366,True
opta,578315,Alphadjo Cissè,opta_new_578315,False
opta,577193,Alvin Okoro,opta_new_577193,False
opta,165196,Amir Rrahmani,165196,True
opta,515759,Andrea Cambiaso,515759,True
opta,501395,Andrea Carboni,opta_new_501395,False
opta,449739,Andrea Colpani,opta_new_449739,False
opta,485264,Andrea Ghion,485264,True
opta,635773,Andrea Luongo,opta_new_635773,False
opta,503696,Andy Diouf,opta_new_503696,False
opta,518531,Ange-Yoan Bonny,518531,True
opta,464965,Anouar El Azzouzi,opta_new_464965,False
opta,520025,Anthony Oyono,opta_new_520025,False
opta,588403,Antoine Hainaut,opta_new_588403,False
opta,462484,Antonino Gallo,462484,True
opta,538734,Antonio Raimondo,opta_new_538734,False
opta,563809,Antonio Vergara,563809,True
opta,229912,Ardian Ismajli,229912,True
opta,508855,Ardon Jashari,508855,True
opta,232917,Arijanet Muric,232917,True
opta,103076,Arkadiusz Milik,103076,True
opta,449431,Armand Laurienté,449431,True
opta,477386,Armel Bella-Kotchap,477386,True
opta,213294,Artem Dovbyk,213294,True
opta,606931,Arthur Atta,606931,True
opta,624877,Assane Diao,624877,True
opta,240996,Bartol Franjic,opta_new_240996,False
opta,561201,Benja Domínguez,561201,True
opta,202675,Benjamin Pavard,opta_new_202675,False
opta,541690,Benjamín Cremaschi,541690,True
opta,243568,Billy Gilmour,243568,True
opta,468488,Boulaye Dia,468488,True
opta,682910,Brando Mazzeo,opta_new_682910,False
opta,685714,Branimir Mlacic,685714,True
opta,428585,Bremer,428585,True
opta,496181,Brooke Norton-Cuffy,496181,True
opta,109511,Bryan Cristante,109511,True
opta,230843,Carlos Augusto,230843,True
opta,219252,Cas Odenthal,219252,True
opta,505187,Cesare Casadei,505187,True
opta,465716,Charles De Ketelaere,465716,True
opta,536474,Cher Ndour,536474,True
opta,660728,Christ Inao Oulaï,opta_new_660728,False
opta,631119,Christian Comotto,opta_new_631119,False
opta,577684,Christian Garofalo,opta_new_577684,False
opta,575886,Christian Ordóñez,575886,True
opta,176413,Christian Pulisic,176413,True
opta,436416,Christos Mandas,opta_new_436416,False
opta,200439,Ché Adams,200439,True
opta,246265,Corrie Ndaba,246265,True
opta,587833,Costantino Favasuli,opta_new_587833,False
opta,558973,Cristian Volpato,558973,True
opta,88432,Cristiano Biraghi,88432,True
opta,488253,Daniel Maldini,488253,True
opta,550093,Daniele Ghilardi,550093,True
opta,150710,Daniele Rugani,150710,True
opta,216257,Danilho Doekhi,opta_new_216257,False
opta,503566,Danilo Veiga,503566,True
opta,634416,Darryl Bakola,opta_new_634416,False
opta,235887,David Neres,235887,True
opta,577947,David Pejicic,577947,True
opta,520217,David Puczka,opta_new_520217,False
opta,482766,David Romero,opta_new_482766,False
opta,51940,David de Gea,51940,True
opta,586248,Davide Bartesaghi,586248,True
opta,235453,Davide Frattesi,235453,True
opta,105700,Davide Zappacosta,105700,True
opta,596959,Diego Mascardi,opta_new_596959,False
opta,491011,Diego Moreira,opta_new_491011,False
opta,185524,Djibril Sow,opta_new_185524,False
opta,218445,Dodô,218445,True
opta,577976,Dominik Drobnic,577976,True
opta,204646,Donyell Malen,204646,True
opta,230046,Douglas Luiz,opta_new_230046,False
opta,103086,Duván Zapata,103086,True
opta,654936,Eddy Kouadio,654936,True
opta,488616,Edoardo Corvi,488616,True
opta,147614,Edoardo Goldaniga,147614,True
opta,513353,Edoardo Iannoni,513353,True
opta,431128,Edon Zhegrova,opta_new_431128,False
opta,617551,Eivind Helland,617551,True
opta,476489,El Bilal Touré,opta_new_476489,False
opta,463912,Elia Caprile,463912,True
opta,225807,Eljif Elmas,225807,True
opta,634069,Eman Kospo,634069,True
opta,657750,Emanuele Lulli,657750,True
opta,430529,Emanuele Valeri,430529,True
opta,479401,Emil Holm,479401,True
opta,551286,Emirhan Ilkhan,551286,True
opta,449321,Enrico Delprato,449321,True
opta,208554,Enzo Ebosse,208554,True
opta,661006,Ethan Meichtry,opta_new_661006,False
opta,208553,Evan Ndicka,208553,True
opta,493115,Fabio Miretti,493115,True
opta,519635,Fedde Leysen,opta_new_519635,False
opta,147297,Federico Bernardeschi,147297,True
opta,617164,Federico Cassa,opta_new_617164,False
opta,665767,Federico Croci,opta_new_665767,False
opta,161919,Federico Dimarco,161919,True
opta,465626,Filip Stankovic,opta_new_465626,False
opta,244397,Filippo Delli Carri,opta_new_244397,False
opta,550264,Filippo Missori,550264,True
opta,508625,Filippo Terracciano,508625,True
opta,215814,Fisayo Dele-Bashiru,215814,True
opta,210159,Florian Grillitsch,opta_new_210159,False
opta,633952,Francesco Camarda,633952,True
opta,551444,Francesco Pio Esposito,551444,True
opta,465630,Francisco Conceição,465630,True
opta,505185,Franco Carboni,505185,True
opta,576550,Franco Mastantuono,opta_new_576550,False
opta,203325,Frank Anguissa,203325,True
opta,669708,Gabriel Kulla,opta_new_669708,False
opta,588664,Gabriele Bracaglia,opta_new_588664,False
opta,594346,Gabriele Calvani,opta_new_594346,False
opta,235584,Gabriele Zappa,235584,True
opta,465628,Gaetano Oristanio,465628,True
opta,480374,Gennaro Borrelli,480374,True
opta,226522,Giacomo Calò,opta_new_226522,False
opta,446969,Giacomo Raspadori,opta_new_446969,False
opta,427168,Gianluca Busio,opta_new_427168,False
opta,437780,Gianluca Gaetano,437780,True
opta,198374,Gianluca Mancini,198374,True
opta,195899,Gianluca Scamacca,195899,True
opta,558122,Giorgi Kvernadze,opta_new_558122,False
opta,493261,Giorgio Cittadini,opta_new_493261,False
opta,519394,Giorgio Scalvini,519394,True
opta,576812,Giovane,576812,True
opta,93661,Giovanni Di Lorenzo,93661,True
opta,511444,Giovanni Fabbian,511444,True
opta,166016,Giovanni Simeone,166016,True
opta,683686,Giulio Vinciati,683686,True
opta,508629,Giuseppe Aurelio,opta_new_508629,False
opta,449980,Gonçalo Ramos,opta_new_449980,False
opta,184254,Guglielmo Vicario,opta_new_184254,False
opta,449896,Gustav Isaksen,449896,True
opta,561812,Gustavo Varela,opta_new_561812,False
opta,561003,Gvidas Gineitis,561003,True
opta,111732,Hakan Çalhanoglu,111732,True
opta,157668,Harry Winks,opta_new_157668,False
opta,171099,Hassane Kamara,171099,True
opta,670530,Hjalte Lærke,opta_new_670530,False
opta,588753,Ibrahim Sulemana,588753,True
opta,632811,Idrissa Gueye,632811,True
opta,499207,Ilario Monterisi,opta_new_499207,False
opta,492199,Ilias Koutsoupias,opta_new_492199,False
opta,510565,Ivan Smolcic,510565,True
opta,572156,Ivan Sulev,572156,True
opta,592991,Jacobo Ramón,592991,True
opta,550095,Jacopo Fazzini,550095,True
opta,219155,Jakub Piotrowski,219155,True
opta,669929,Jamal Iddrissou,opta_new_669929,False
opta,491266,James Abankwah,opta_new_491266,False
opta,514410,Jamil Siebert,514410,True
opta,609659,Jan Ziólkowski,609659,True
opta,449722,Jay Idzes,449722,True
opta,495024,Jay Robinson,opta_new_495024,False
opta,201559,Jean Butez,201559,True
opta,219117,Jens Odgaard,219117,True
opta,160602,Jesper Karlström,160602,True
opta,638374,Jesús Rodríguez,638374,True
opta,217532,Jhon Lucumí,217532,True
opta,431026,Johan Vásquez,431026,True
opta,97299,John Stones,opta_new_97299,False
opta,241243,John Yeboah,opta_new_241243,False
opta,421821,Jonathan David,421821,True
opta,483365,Jonathan Rowe,opta_new_483365,False
opta,231188,Josep Martínez,231188,True
opta,618927,Joseph Liteta,618927,True
opta,487997,Josh Doig,487997,True
opta,437860,João Mário,437860,True
opta,585392,Joël Schingtienne,opta_new_585392,False
opta,614790,Juan Arizala,614790,True
opta,486797,Juan Cabal,486797,True
opta,433530,Juan Miranda,433530,True
opta,617160,Juan Rodríguez,617160,True
opta,432070,Junior Messias,432070,True
opta,220238,Jurgen Ekkelenkamp,220238,True
opta,184933,Justin Bijlow,184933,True
opta,135365,Jérémie Boga,opta_new_135365,False
opta,535554,Kaiki,opta_new_535554,False
opta,547103,Kenan Yildiz,547103,True
opta,441278,Kenneth Taylor,441278,True
opta,593271,Kerim Alajbegovic,opta_new_593271,False
opta,120002,Kevin Akpoguma,opta_new_120002,False
opta,509201,Kevin Carlos,opta_new_509201,False
opta,61366,Kevin De Bruyne,61366,True
opta,242887,Khéphren Thuram,242887,True
opta,520242,Kialonda Gaspar,520242,True
opta,492771,Kian Fitz-Jim,opta_new_492771,False
opta,470692,Kieron Bowie,470692,True
opta,241865,Kike Pérez,opta_new_241865,False
opta,612704,Kingstone Mutandwa,opta_new_612704,False
opta,477240,Konan N’Dri,477240,True
opta,248881,Koni De Winter,248881,True
opta,570164,Konstantinos Koulierakis,opta_new_570164,False
opta,639018,Kornel Lisman,opta_new_639018,False
opta,445043,Kristian Thorstvedt,445043,True
opta,617693,Lamine Fanne,opta_new_617693,False
opta,215047,Lassana Coulibaly,215047,True
opta,209737,Lautaro Martínez,209737,True
opta,462487,Lautaro Valenti,462487,True
opta,477529,Lazar Samardzic,477529,True
opta,568793,Lennon Miller,568793,True
opta,462026,Leo Østigård,462026,True
opta,631126,Leonardo Bovio,opta_new_631126,False
opta,84161,Leonardo Spinazzola,84161,True
opta,439492,Lewis Ferguson,439492,True
opta,428364,Lion Lauberbach,opta_new_428364,False
opta,235530,Lloyd Kelly,235530,True
opta,508878,Lorenzo Bernasconi,508878,True
opta,450025,Lorenzo Colombo,450025,True
opta,21125,Lorenzo De Silvestri,21125,True
opta,469130,Lorenzo Lucca,469130,True
opta,629287,Lorenzo Lucchesi,opta_new_629287,False
opta,547908,Lorenzo Palmisani,opta_new_547908,False
opta,578990,Luca Lipani,578990,True
opta,215983,Luca Ranieri,215983,True
opta,465158,Lucas da Cunha,465158,True
opta,550269,Luis Hasa,550269,True
opta,478270,Luis Henrique,478270,True
opta,167742,Luis Milla,opta_new_167742,False
opta,37055,Luka Modric,37055,True
opta,85288,Lukasz Skorupski,85288,True
opta,492443,Maduka Okoye,492443,True
opta,656992,Mamedi Doucouré,656992,True
opta,534913,Mandela Keita,534913,True
opta,640813,Manga Foe Ondoa,opta_new_640813,False
opta,475767,Manu Koné,475767,True
opta,211975,Manuel Akanji,211975,True
opta,156323,Manuel Lazzari,156323,True
opta,171387,Manuel Locatelli,171387,True
opta,120670,Marc Oliver Kempf,120670,True
opta,458059,Marco Brescianini,458059,True
opta,462537,Marco Carnesecchi,462537,True
opta,650842,Marco Libra,opta_new_650842,False
opta,450444,Marcus Pedersen,450444,True
opta,205880,Marcus Thuram,205880,True
opta,626942,Mariano Troilo,626942,True
opta,421634,Marin Pongracic,421634,True
opta,466064,Mario Gila,466064,True
opta,213431,Mario Hermoso,213431,True
opta,474900,Mario Mitaj,opta_new_474900,False
opta,164570,Mario Pasalic,164570,True
opta,549738,Marko Farji,opta_new_549738,False
opta,82428,Marten de Roon,82428,True
opta,522476,Martin Baturina,522476,True
opta,485066,Martin Vitík,485066,True
opta,524463,Mateo Pellegrino,524463,True
opta,598561,Mathis Mout,opta_new_598561,False
opta,214966,Mathías Olivera,214966,True
opta,521472,Matija Frigan,opta_new_521472,False
opta,466149,Matteo Cancellieri,466149,True
opta,576530,Matteo Cichella,opta_new_576530,False
opta,628209,Matteo Dagasso,opta_new_628209,False
opta,215979,Matteo Gabbia,215979,True
opta,647151,Matteo Palma,647151,True
opta,153776,Matteo Politano,153776,True
opta,588222,Matteo Prati,588222,True
opta,476933,Mattia Felici,476933,True
opta,577694,Mattia Liberali,opta_new_577694,False
opta,667790,Mattia Pellini,667790,True
opta,157008,Mattia Zaccagni,157008,True
opta,511505,Matías Soulé,511505,True
opta,219296,Maxence Caqueret,219296,True
opta,449470,Michel Adopo,449470,True
opta,488006,Mikael Ellertsson,488006,True
opta,129487,Mike Maignan,129487,True
opta,625459,Mikel Amondarain,opta_new_625459,False
opta,228531,Mile Svilar,228531,True
opta,242058,Moise Kean,242058,True
opta,445733,Morten Frendrup,445733,True
opta,482769,Máximo Perrone,482769,True
opta,212667,Mërgim Vojvoda,212667,True
opta,489209,Nadir Zortea,489209,True
opta,221586,Nahuel Molina,opta_new_221586,False
opta,545286,Neil El Aynaoui,545286,True
opta,62398,Nemanja Matic,62398,True
opta,617559,Nesta Elphege,617559,True
opta,602122,Niccolò Fortini,602122,True
opta,614866,Niccolò Pisilli,614866,True
opta,221800,Nicholas Pierini,221800,True
opta,231004,Nico González,opta_new_231004,False
opta,551493,Nico Paz,551493,True
opta,466147,Nicola Zalewski,466147,True
opta,516018,Nicolas Galazzi,opta_new_516018,False
opta,171384,Nicolò Barella,171384,True
opta,539223,Nicolò Bertola,539223,True
opta,483264,Nicolò Cambiaghi,483264,True
opta,549167,Nicolò Cavuoti,549167,True
opta,226270,Nicolò Fagioli,226270,True
opta,450024,Nicolò Rovella,450024,True
opta,245414,Nicolò Zaniolo,245414,True
opta,233723,Nikola Krstovic,233723,True
opta,218373,Nikola Moro,218373,True
opta,509685,Nikola Stulic,509685,True
opta,180151,Nikola Vlasic,180151,True
opta,421002,Noa Lang,421002,True
opta,437626,Nuno Tavares,437626,True
opta,208540,Odilon Kossounou,208540,True
opta,245018,Oier Zarraga,245018,True
opta,551214,Olaf Gorter,551214,True
opta,497891,Oliver Provstgaard,497891,True
opta,494784,Oliver Sørensen,494784,True
opta,487828,Omari Forson,opta_new_487828,False
opta,491445,Omri Gandelman,491445,True
opta,566980,Oumar Ngom,566980,True
opta,432649,Oumar Solet,432649,True
opta,633419,Ousmane Diallo,opta_new_633419,False
opta,543215,Oussama El Azzouzi,opta_new_543215,False
opta,598675,Paco Esteban,opta_new_598675,False
opta,209353,Patrick Cutrone,209353,True
opta,588203,Patrick Nuamah,opta_new_588203,False
opta,588118,Patrizio Masini,588118,True
opta,687995,Paul Mendy,687995,True
opta,120638,Paulo Dybala,120638,True
opta,204214,Pervis Estupiñán,204214,True
opta,530193,Petar Ratkov,530193,True
opta,581229,Petar Sucic,581229,True
opta,466041,Pierre Kalulu,466041,True
opta,628413,Pietro Comuzzo,628413,True
opta,126440,Piotr Zielinski,126440,True
opta,248755,Pontus Almqvist,248755,True
opta,625908,Rachid Kouda,opta_new_625908,False
opta,493125,Radu Dragusin,opta_new_493125,False
opta,488040,Rafa Marín,opta_new_488040,False
opta,500047,Rafa Obrador,500047,True
opta,562061,Rahim Alhassane,562061,True
opta,247693,Randal Kolo Muani,opta_new_247693,False
opta,209330,Raoul Bellanova,209330,True
opta,587803,Raphael Kofler,opta_new_587803,False
opta,497894,Rasmus Højlund,497894,True
opta,585579,Reda Belahyane,585579,True
opta,552173,Redouane Halhal,opta_new_552173,False
opta,620509,Relja Obric,620509,True
opta,681438,Ricardo Bordon,opta_new_681438,False
opta,176490,Ricardo Mangas,opta_new_176490,False
opta,679547,Riccardo Cassano,679547,True
opta,515593,Riccardo Ciervo,opta_new_515593,False
opta,223966,Riccardo Orsolini,223966,True
opta,513537,Richie Sagrado,opta_new_513537,False
opta,148435,Ridgeciano Haps,opta_new_148435,False
opta,226267,Roberto Piccoli,226267,True
opta,631000,Robinio Vaz,opta_new_631000,False
opta,593207,Rodrigo Mora,opta_new_593207,False
opta,182514,Rolando Mandragora,182514,True
opta,556998,Romano Floriani Mussolini,556998,True
opta,228564,Romano Schmid,opta_new_228564,False
opta,126187,Ruben Loftus-Cheek,126187,True
opta,570983,Saba Goglichidze,570983,True
opta,546761,Sadik Fofana,546761,True
opta,433521,Sam Beukema,433521,True
opta,218328,Samuel Chukwueze,218328,True
opta,613692,Samuel Wiafe,opta_new_613692,False
opta,241711,Samuele Birindelli,opta_new_241711,False
opta,450023,Samuele Ricci,450023,True
opta,191794,Sandi Lovric,191794,True
opta,235740,Sandro Kulenovic,235740,True
opta,662133,Sankhoun Diawara,opta_new_662133,False
opta,536690,Santiago Castro,536690,True
opta,482466,Santiago Pierotti,482466,True
opta,451565,Saúl Coco,451565,True
opta,195851,Scott McTominay,195851,True
opta,111457,Sead Kolasinac,111457,True
opta,594234,Sebastian Otoa,594234,True
opta,444455,Semuel Pizzignacco,opta_new_444455,False
opta,589998,Seydou Fini,589998,True
opta,449790,Simon Sohm,449790,True
opta,704987,Simone Cinquegrano,704987,True
opta,631127,Simone Lontani,opta_new_631127,False
opta,487989,Simone Panada,opta_new_487989,False
opta,664879,Solomon Loubao,opta_new_664879,False
opta,101820,Stanislav Lobotka,101820,True
opta,126488,Stefano Sabelli,126488,True
opta,487606,Strahinja Pavlovic,487606,True
opta,433634,Tasos Douvikas,433634,True
opta,204644,Teun Koopmeiners,204644,True
opta,222629,Thierry Correia,opta_new_222629,False
opta,659246,Thomás de Martis,opta_new_659246,False
opta,449122,Thórir Helgason,449122,True
opta,647210,Tiago Gabriel,647210,True
opta,544865,Tijjani Noslin,544865,True
opta,212851,Toma Basic,212851,True
opta,518908,Tommaso Baldanzi,518908,True
opta,594993,Tommaso Macchioni,594993,True
opta,459025,Tommaso Pobega,459025,True
opta,449652,Torbjørn Heggem,449652,True
opta,180736,Trevoh Chalobah,opta_new_180736,False
opta,619506,Unai Gómez,opta_new_619506,False
opta,210464,Vakoun Bayo,210464,True
opta,669473,Valde,opta_new_669473,False
opta,235001,Valentin Antov,opta_new_235001,False
opta,638709,Valerio Farcomeni,638709,True
opta,585201,Vasilije Adzic,585201,True
opta,624094,Viery,opta_new_624094,False
opta,522479,Vítinha,522479,True
opta,563663,Wesley,563663,True
opta,241519,Weston McKennie,241519,True
opta,242894,Willem Geubbels,opta_new_242894,False
opta,537503,Wisdom Amey,opta_new_537503,False
opta,126486,Wladimiro Falcone,126486,True
opta,468236,Yan Couto,opta_new_468236,False
opta,438261,Yann Bisseck,438261,True
opta,164511,Yerry Mina,164511,True
opta,232066,Youssef Maleh,232066,True
opta,244847,Yunus Musah,244847,True
opta,219263,Zakaria Aboukhlal,219263,True
opta,171435,Zeki Çelik,171435,True
opta,545932,Zé Pedro,545932,True
opta,551483,Álex Jiménez,551483,True
opta,551074,Álex Valle,551074,True
opta,88482,Álvaro Morata,88482,True
opta,463184,Éderson,463184,True
whoscored,351354,Donyell Malen,204646,True
whoscored,339875,Bremer,428585,True
whoscored,550174,Alessandro Romano,620568,True
whoscored,295358,Amir Rrahmani,165196,True
whoscored,109149,Bryan Cristante,109511,True
whoscored,288894,Lassana Coulibaly,215047,True
whoscored,114863,Paulo Dybala,120638,True
whoscored,118163,Wladimiro Falcone,126486,True
whoscored,429529,Antonio Vergara,563809,True
whoscored,497222,Francesco Pio Esposito,551444,True
whoscored,400816,Jamil Siebert,514410,True
whoscored,349126,Yann Bisseck,438261,True
whoscored,73084,Kevin De Bruyne,61366,True
whoscored,331425,Davide Frattesi,235453,True
whoscored,273539,Manuel Locatelli,171387,True
whoscored,463347,Kialonda Gaspar,520242,True
whoscored,353292,Trevoh Chalobah,whoscored_new_353292,False
whoscored,371497,Giacomo Raspadori,whoscored_new_371497,False
whoscored,430899,Giorgio Cittadini,whoscored_new_430899,False
whoscored,279320,Luis Milla,whoscored_new_279320,False
whoscored,358142,Gianluca Busio,whoscored_new_358142,False
whoscored,475622,Alphadjo Cissè,whoscored_new_475622,False
whoscored,409221,Francisco Conceição,465630,True
whoscored,355963,Jurgen Ekkelenkamp,220238,True
whoscored,331422,Mile Svilar,228531,True
whoscored,363665,Samuel Chukwueze,218328,True
whoscored,336915,Scott McTominay,195851,True
whoscored,415415,Andy Diouf,whoscored_new_415415,False
whoscored,116609,Adrien Rabiot,whoscored_new_116609,False
whoscored,391836,Pierre Kalulu,466041,True
whoscored,418171,Christos Mandas,whoscored_new_418171,False
whoscored,239881,Hassane Kamara,171099,True
whoscored,297390,Manuel Akanji,211975,True
whoscored,404623,Koni De Winter,248881,True
whoscored,381913,Santiago Pierotti,482466,True
whoscored,110373,Hakan Çalhanoglu,111732,True
whoscored,392339,Maduka Okoye,492443,True
whoscored,323450,Evan Ndicka,208553,True
whoscored,244804,Gianluca Mancini,198374,True
whoscored,478378,Juan Rodríguez,617160,True
whoscored,149029,Mattia Zaccagni,157008,True
whoscored,578592,Emanuele Lulli,whoscored_new_578592,False
whoscored,369883,Gianluca Gaetano,437780,True
whoscored,383278,Marco Carnesecchi,462537,True
whoscored,429481,Wesley,563663,True
whoscored,255929,Federico Dimarco,161919,True
whoscored,344156,Mario Hermoso,213431,True
whoscored,298694,Pervis Estupiñán,204214,True
whoscored,118169,Piotr Zielinski,126440,True
whoscored,577174,Olaf Gorter,whoscored_new_577174,False
whoscored,424534,Adam Obert,484995,True
whoscored,365122,Boulaye Dia,468488,True
whoscored,343512,Emanuele Valeri,430529,True
whoscored,122469,Giovanni Di Lorenzo,93661,True
whoscored,369971,Leo Østigård,462026,True
whoscored,515580,Tiago Gabriel,647210,True
whoscored,447439,Lorenzo Palmisani,whoscored_new_447439,False
whoscored,437646,Mario Gila,466064,True
whoscored,332398,Nicolò Zaniolo,245414,True
whoscored,362780,Elia Caprile,463912,True
whoscored,448659,Nico Paz,551493,True
whoscored,427130,Cristian Volpato,558973,True
whoscored,369688,Nicolò Rovella,450024,True
whoscored,369570,Manu Koné,475767,True
whoscored,404252,Nikola Krstovic,233723,True
whoscored,256419,Ché Adams,200439,True
whoscored,228854,Mërgim Vojvoda,212667,True
whoscored,476440,Niccolò Pisilli,614866,True
whoscored,444938,Danilo Veiga,503566,True
whoscored,494525,Kenan Yildiz,547103,True
whoscored,356176,Michel Adopo,449470,True
whoscored,422873,Tasos Douvikas,433634,True
whoscored,497217,Alieu Njie,629450,True
whoscored,403913,Nicola Zalewski,466147,True
whoscored,447489,Ange-Yoan Bonny,518531,True
whoscored,362426,Arijanet Muric,232917,True
whoscored,472895,Alex Amorim,610163,True
whoscored,337883,Douglas Luiz,whoscored_new_337883,False
whoscored,363978,Adrián Bernabé,449926,True
whoscored,38128,Nemanja Matic,62398,True
whoscored,388493,Daniel Maldini,488253,True
whoscored,404275,Bartol Franjic,whoscored_new_404275,False
whoscored,444691,Christian Ordóñez,575886,True
whoscored,303076,Danilho Doekhi,whoscored_new_303076,False
whoscored,316947,Giacomo Calò,whoscored_new_316947,False
whoscored,147863,Guglielmo Vicario,whoscored_new_147863,False
whoscored,361993,Juan Miranda,433530,True
whoscored,426905,Romano Floriani Mussolini,556998,True
whoscored,111892,Stanislav Lobotka,101820,True
whoscored,130368,Alessandro Deiola,162330,True
whoscored,122402,Federico Bernardeschi,147297,True
whoscored,395802,Gonçalo Ramos,whoscored_new_395802,False
whoscored,256536,Jean Butez,201559,True
whoscored,397024,Josh Doig,487997,True
whoscored,430301,Rafa Marín,whoscored_new_430301,False
whoscored,532725,Rodrigo Mora,whoscored_new_532725,False
whoscored,362556,Éderson,463184,True
whoscored,365389,John Yeboah,whoscored_new_365389,False
whoscored,587699,Simone Cinquegrano,whoscored_new_587699,False
whoscored,447445,Gennaro Borrelli,480374,True
whoscored,143990,Harry Winks,whoscored_new_143990,False
whoscored,401098,Junior Messias,432070,True
whoscored,525813,Darryl Bakola,whoscored_new_525813,False
whoscored,141312,Davide Zappacosta,105700,True
whoscored,415781,Kian Fitz-Jim,whoscored_new_415781,False
whoscored,484491,Oliver Provstgaard,497891,True
whoscored,136481,Zeki Çelik,171435,True
whoscored,393039,Lazar Samardzic,477529,True
whoscored,643601,Simone Lontani,whoscored_new_643601,False
whoscored,418516,Albion Rrahmani,whoscored_new_418516,False
whoscored,605289,Mathis Mout,whoscored_new_605289,False
whoscored,383864,Strahinja Pavlovic,487606,True
whoscored,422803,Cas Odenthal,whoscored_new_422803,False
whoscored,494664,Mariano Troilo,626942,True
whoscored,527638,Matteo Palma,647151,True
whoscored,424834,Mikael Ellertsson,488006,True
whoscored,467299,Oumar Ngom,566980,True
whoscored,323678,Youssef Maleh,232066,True
whoscored,241022,Alex Meret,171366,True
whoscored,401122,Kenneth Taylor,441278,True
whoscored,484428,Vasilije Adzic,585201,True
whoscored,516374,Jacobo Ramón,592991,True
whoscored,396971,Lewis Ferguson,439492,True
whoscored,425079,Matías Soulé,511505,True
whoscored,355994,Armand Laurienté,449431,True
whoscored,431032,Anthony Oyono,whoscored_new_431032,False
whoscored,599855,Abdou-Salam Konate,whoscored_new_599855,False
whoscored,349561,Frank Anguissa,203325,True
whoscored,399852,Konan N’Dri,477240,True
whoscored,424806,Morten Frendrup,445733,True
whoscored,447452,Patrizio Masini,588118,True
whoscored,447442,Gabriele Bracaglia,whoscored_new_447442,False
whoscored,320585,Jesper Karlström,160602,True
whoscored,329665,Alessandro Bastoni,215977,True
whoscored,435108,Gvidas Gineitis,561003,True
whoscored,302650,Gianluca Scamacca,195899,True
whoscored,391521,Edoardo Corvi,488616,True
whoscored,320243,Enzo Ebosse,208554,True
whoscored,431167,Saúl Coco,451565,True
whoscored,276489,Alfonso Pedraza,whoscored_new_276489,False
whoscored,460562,Gabriele Calvani,whoscored_new_460562,False
whoscored,379790,Nuno Tavares,437626,True
whoscored,477060,Giorgi Kvernadze,whoscored_new_477060,False
whoscored,431359,Jacopo Fazzini,550095,True
whoscored,408616,Akor Adams,whoscored_new_408616,False
whoscored,497569,Diego Mascardi,whoscored_new_497569,False
whoscored,365308,Alexis Saelemaekers,437746,True
whoscored,454356,Davide Bartesaghi,586248,True
whoscored,363181,Edon Zhegrova,whoscored_new_363181,False
whoscored,354283,Noa Lang,421002,True
whoscored,608421,Paul Mendy,687995,True
whoscored,428122,Fedde Leysen,whoscored_new_428122,False
whoscored,92329,Leonardo Spinazzola,84161,True
whoscored,354072,Oumar Solet,432649,True
whoscored,502427,Assane Diao,624877,True
whoscored,527501,Gustavo Varela,whoscored_new_527501,False
whoscored,20874,Luka Modric,37055,True
whoscored,446988,James Abankwah,whoscored_new_446988,False
whoscored,377261,Aleksa Terzic,whoscored_new_377261,False
whoscored,435100,Ardon Jashari,508855,True
whoscored,373022,Corrie Ndaba,246265,True
whoscored,486906,Eivind Helland,617551,True
whoscored,379615,Lucas da Cunha,465158,True
whoscored,533537,Mattia Liberali,whoscored_new_533537,False
whoscored,343982,Toma Basic,212851,True
whoscored,255777,Ruben Loftus-Cheek,126187,True
whoscored,338275,Weston McKennie,241519,True
whoscored,439534,Petar Sucic,581229,True
whoscored,425056,Tommaso Baldanzi,518908,True
whoscored,499786,Idrissa Gueye,632811,True
whoscored,275698,Adam Marusic,169107,True
whoscored,421081,Santiago Castro,536690,True
whoscored,367180,Thierry Correia,whoscored_new_367180,False
whoscored,400357,Yunus Musah,244847,True
whoscored,547352,Christ Inao Oulaï,whoscored_new_547352,False
whoscored,454901,Lennon Miller,568793,True
whoscored,332419,Lloyd Kelly,235530,True
whoscored,373544,Nicolò Cambiaghi,483264,True
whoscored,412864,Abdoulaye Ndiaye,484743,True
whoscored,454341,Álex Valle,551074,True
whoscored,399426,Fisayo Dele-Bashiru,215814,True
whoscored,347178,Mathías Olivera,214966,True
whoscored,148684,Nicolò Barella,171384,True
whoscored,369970,Armel Bella-Kotchap,477386,True
whoscored,371396,Gabriele Zappa,235584,True
whoscored,411939,Mandela Keita,534913,True
whoscored,372407,Kristian Thorstvedt,445043,True
whoscored,468675,Adam Bakoune,whoscored_new_468675,False
whoscored,457282,Konstantinos Koulierakis,whoscored_new_457282,False
whoscored,418579,Emil Holm,479401,True
whoscored,424819,Lorenzo Lucca,469130,True
whoscored,328990,Moise Kean,242058,True
whoscored,386390,Charles De Ketelaere,465716,True
whoscored,77397,Lukasz Skorupski,85288,True
whoscored,366671,Ardian Ismajli,229912,True
whoscored,389124,Ilario Monterisi,whoscored_new_389124,False
whoscored,526625,Niccolò Fortini,602122,True
whoscored,491385,Omari Forson,whoscored_new_491385,False
whoscored,449840,Seydou Fini,589998,True
whoscored,443980,Oussama El Azzouzi,whoscored_new_443980,False
whoscored,476109,Cher Ndour,536474,True
whoscored,391527,El Bilal Touré,whoscored_new_391527,False
whoscored,388567,Luis Henrique,478270,True
whoscored,404497,Matteo Cancellieri,466149,True
whoscored,444558,Kieron Bowie,470692,True
whoscored,405133,Giorgio Scalvini,519394,True
whoscored,429723,Jonathan Rowe,whoscored_new_429723,False
whoscored,364336,Torbjørn Heggem,449652,True
whoscored,558992,Alessio Cacciamani,whoscored_new_558992,False
whoscored,395219,Lorenzo Colombo,450025,True
whoscored,356733,Andrea Colpani,whoscored_new_356733,False
whoscored,395579,Kike Pérez,whoscored_new_395579,False
whoscored,452020,Mattia Felici,476933,True
whoscored,433219,Cesare Casadei,505187,True
whoscored,511708,Manga Foe Ondoa,whoscored_new_511708,False
whoscored,122398,Ridgeciano Haps,whoscored_new_122398,False
whoscored,355856,Enrico Delprato,449321,True
whoscored,321236,Josep Martínez,231188,True
whoscored,299344,Lautaro Martínez,209737,True
whoscored,486734,Neil El Aynaoui,545286,True
whoscored,431573,Brooke Norton-Cuffy,496181,True
whoscored,450288,Luis Hasa,whoscored_new_450288,False
whoscored,329681,Patrick Cutrone,209353,True
whoscored,286828,Riccardo Orsolini,223966,True
whoscored,497295,Álex Jiménez,551483,True
whoscored,469660,Benjamín Cremaschi,541690,True
whoscored,423508,Nadir Zortea,489209,True
whoscored,333542,Randal Kolo Muani,whoscored_new_333542,False
whoscored,369414,Roberto Piccoli,226267,True
whoscored,459075,Aleksandar Stankovic,whoscored_new_459075,False
whoscored,428633,Benja Domínguez,561201,True
whoscored,531127,Ivan Smolcic,510565,True
whoscored,357133,Marcus Pedersen,450444,True
whoscored,339579,Eljif Elmas,225807,True
whoscored,280766,Jérémie Boga,whoscored_new_280766,False
whoscored,110260,Sead Kolasinac,111457,True
whoscored,421975,Yan Couto,whoscored_new_421975,False
whoscored,497047,Lorenzo Lucchesi,whoscored_new_497047,False
whoscored,400097,Radu Dragusin,whoscored_new_400097,False
whoscored,538533,Eddy Kouadio,654936,True
whoscored,538255,Jay Robinson,whoscored_new_538255,False
whoscored,395173,João Mário,437860,True
whoscored,101374,John Stones,whoscored_new_101374,False
whoscored,395932,Giuseppe Aurelio,whoscored_new_395932,False
whoscored,450142,Zé Pedro,545932,True
whoscored,536355,Matteo Cichella,whoscored_new_536355,False
whoscored,337443,Matteo Gabbia,215979,True
whoscored,377308,Sandro Kulenovic,235740,True
whoscored,338762,Alessio Zerbin,247099,True
whoscored,557549,Alisson Santos,539366,True
whoscored,452107,Nikola Stulic,509685,True
whoscored,382637,Antonino Gallo,462484,True
whoscored,302709,Justin Bijlow,184933,True
whoscored,480619,Unai Gómez,whoscored_new_480619,False
whoscored,403648,Gustav Isaksen,449896,True
whoscored,363654,Jakub Piotrowski,219155,True
whoscored,129903,Mario Pasalic,164570,True
whoscored,122683,Matteo Politano,153776,True
whoscored,494398,Alessandro Marcandalli,624931,True
whoscored,331063,Filippo Delli Carri,whoscored_new_331063,False
whoscored,407149,Riccardo Ciervo,whoscored_new_407149,False
whoscored,345987,Willem Geubbels,whoscored_new_345987,False
whoscored,644183,Gabriel Kulla,whoscored_new_644183,False
whoscored,78880,Mattia Perin,87995,True
whoscored,368272,Maxence Caqueret,219296,True
whoscored,399989,Oier Zarraga,245018,True
whoscored,424280,Omri Gandelman,491445,True
whoscored,283348,Stefano Sabelli,126488,True
whoscored,423863,Tijjani Noslin,544865,True
whoscored,343975,Nikola Vlasic,180151,True
whoscored,439584,Rasmus Højlund,497894,True
whoscored,442979,Richie Sagrado,whoscored_new_442979,False
whoscored,343308,Teun Koopmeiners,204644,True
whoscored,423440,Andrea Cambiaso,515759,True
whoscored,423516,Nicolas Galazzi,whoscored_new_423516,False
whoscored,373340,Zakaria Aboukhlal,219263,True
whoscored,391573,Filip Stankovic,whoscored_new_391573,False
whoscored,480033,Lorenzo Bernasconi,508878,True
whoscored,141646,Mike Maignan,129487,True
whoscored,345600,Pontus Almqvist,248755,True
whoscored,296975,Artem Dovbyk,213294,True
whoscored,407944,Martin Baturina,522476,True
whoscored,389108,Ricardo Mangas,whoscored_new_389108,False
whoscored,317630,Djibril Sow,whoscored_new_317630,False
whoscored,447493,Antoine Hainaut,whoscored_new_447493,False
whoscored,362553,Jens Odgaard,219117,True
whoscored,433972,Máximo Perrone,482769,True
whoscored,484359,Kingstone Mutandwa,whoscored_new_484359,False
whoscored,574054,Ousmane Diallo,whoscored_new_574054,False
whoscored,328785,Samuele Birindelli,whoscored_new_328785,False
whoscored,641371,Adam Zulevic,whoscored_new_641371,False
whoscored,415892,Antonio Raimondo,whoscored_new_415892,False
whoscored,505567,Sebastian Otoa,594234,True
whoscored,79554,David de Gea,51940,True
whoscored,555515,Valde,whoscored_new_555515,False
whoscored,355869,Luca Ranieri,215983,True
whoscored,495552,Matteo Dagasso,whoscored_new_495552,False
whoscored,495757,Pietro Comuzzo,628413,True
whoscored,383814,Vakoun Bayo,210464,True
whoscored,390493,Andrea Carboni,whoscored_new_390493,False
whoscored,514810,Franco Mastantuono,whoscored_new_514810,False
whoscored,479328,Nesta Elphege,617559,True
whoscored,367260,Marco Brescianini,458059,True
whoscored,407949,Vítinha,522479,True
whoscored,469507,Arthur Atta,606931,True
whoscored,409250,Mateo Pellegrino,524463,True
whoscored,582356,Ethan Meichtry,whoscored_new_582356,False
whoscored,133839,Giovanni Simeone,166016,True
whoscored,539559,Jesús Rodríguez,638374,True
whoscored,369426,Nicolò Fagioli,226270,True
whoscored,490854,Mikel Amondarain,whoscored_new_490854,False
whoscored,384516,Odilon Kossounou,208540,True
whoscored,383847,Romano Schmid,whoscored_new_383847,False
whoscored,317675,Dodô,218445,True
whoscored,494399,Rachid Kouda,whoscored_new_494399,False
whoscored,425115,Johan Vásquez,431026,True
whoscored,445367,Joël Schingtienne,whoscored_new_445367,False
whoscored,241020,Rolando Mandragora,182514,True
whoscored,602167,Tommaso Macchioni,594993,True
whoscored,351408,Semuel Pizzignacco,whoscored_new_351408,False
fotmob,182917,David de Gea,51940,True
fotmob,282059,Luca Lezzerini,fotmob_new_282059,False
fotmob,299799,Bryan Cristante,109511,True
fotmob,325916,Paulo Dybala,120638,True
fotmob,553849,Pierluigi Gollini,fotmob_new_553849,False
fotmob,577911,Rolando Mandragora,182514,True
fotmob,588687,Gianluca Mancini,198374,True
fotmob,660301,Donyell Malen,204646,True
fotmob,665188,Albert Gudmundsson,215147,True
fotmob,671203,Mario Hermoso,213431,True
fotmob,726345,Nahuel Molina,fotmob_new_726345,False
fotmob,747926,Moise Kean,242058,True
fotmob,750734,Dodô,218445,True
fotmob,768474,Mile Svilar,228531,True
fotmob,787242,Evan N'Dicka,208553,True
fotmob,806972,Oliver Christensen,243349,True
fotmob,831474,Marin Pongracic,421634,True
fotmob,935406,Luca Ranieri,215983,True
fotmob,950596,Marco Brescianini,458059,True
fotmob,951712,Nicolò Fagioli,226270,True
fotmob,958421,João Mário,437860,True
fotmob,1016132,Manu Koné,fotmob_new_1016132,False
fotmob,1203661,Radu Dragusin,fotmob_new_1203661,False
fotmob,1224237,Mateo Pellegrino,524463,True
fotmob,1246009,Cher Ndour,536474,True
fotmob,1274060,Neil El Aynaoui,545286,True
fotmob,1276505,Giovanni Fabbian,511444,True
fotmob,1280082,Matias Soulé,511505,True
fotmob,1282008,Santiago Castro,536690,True
fotmob,1320176,Wesley,563663,True
fotmob,1337884,Konstantinos Koulierakis,fotmob_new_1337884,False
fotmob,1386006,Daniele Ghilardi,550093,True
fotmob,1428426,Arthur Atta,606931,True
fotmob,1451196,Niccolò Pisilli,614866,True
fotmob,1501917,Viery,fotmob_new_1501917,False
fotmob,1511063,Jan Ziólkowski,609659,True
fotmob,1525065,Rodrigo Mora,fotmob_new_1525065,False
fotmob,1526689,Álex Jiménez,551483,True
fotmob,1607566,Franco Mastantuono,fotmob_new_1607566,False
fotmob,1666494,Christ Inao Oulaï,fotmob_new_1666494,False
fotmob,1667016,Giorgio De Marzi,fotmob_new_1667016,False
fotmob,1705134,Robinio Vaz,fotmob_new_1705134,False
fotmob,1712399,Valde,fotmob_new_1712399,False
fotmob,1784179,Eman Kospo,634069,True
fotmob,1800491,Emanuele Lulli,657750,True
fotmob,1835436,Brando Mazzeo,fotmob_new_1835436,False
fotmob,2018923,Federico Croci,fotmob_new_2018923,False
fotmob,115067,Nemanja Matic,62398,True
fotmob,198559,Marten de Roon,82428,True
fotmob,212630,Marco Sportiello,55083,True
fotmob,244811,Davide Zappacosta,105700,True
fotmob,304345,Sead Kolasinac,111457,True
fotmob,446266,Mario Pasalic,164570,True
fotmob,720649,Nicholas Pierini,221800,True
fotmob,721089,Gianluca Scamacca,195899,True
fotmob,741049,Eljif Elmas,225807,True
fotmob,760752,Arijanet Muric,232917,True
fotmob,833638,Nikola Krstovic,233723,True
fotmob,869054,Stefano Turati,433128,True
fotmob,902651,Raoul Bellanova,209330,True
fotmob,921921,Kristian Thorstvedt,445043,True
fotmob,935769,Armand Laurienté,449431,True
fotmob,937412,Jay Idzes,449722,True
fotmob,951743,Giacomo Raspadori,fotmob_new_951743,False
fotmob,957203,Éderson,463184,True
fotmob,982617,Kieron Bowie,470692,True
fotmob,1012842,Gianluca Gaetano,437780,True
fotmob,1013021,Marco Carnesecchi,462537,True
fotmob,1014496,Odilon Kossounou,208540,True
fotmob,1050178,Lazar Samardzic,477529,True
fotmob,1053714,Nicola Zalewski,466147,True
fotmob,1055183,Andrea Ghion,485264,True
fotmob,1079501,Cas Odenthal,219252,True
fotmob,1095432,Charles De Ketelaere,465716,True
fotmob,1130330,Josh Doig,487997,True
fotmob,1167529,Rafael Obrador,fotmob_new_1167529,False
fotmob,1189692,Edoardo Iannoni,513353,True
fotmob,1191093,Lorenzo Bernasconi,508878,True
fotmob,1202358,Giorgio Scalvini,519394,True
fotmob,1203195,Fedde Leysen,fotmob_new_1203195,False
fotmob,1210653,Riccardo Ciervo,fotmob_new_1210653,False
fotmob,1307979,Filippo Missori,550264,True
fotmob,1308909,Cristian Volpato,558973,True
fotmob,1316088,Benja Domínguez,fotmob_new_1316088,False
fotmob,1369279,Luca Lipani,578990,True
fotmob,1382375,Vasilije Adzic,585201,True
fotmob,1396375,Ibrahim Sulemana,588753,True
fotmob,1398350,Patrick Nuamah,fotmob_new_1398350,False
fotmob,1594898,Paolo Vismara,fotmob_new_1594898,False
fotmob,1641041,Darryl Bakola,fotmob_new_1641041,False
fotmob,1668963,Federico Cassa,fotmob_new_1668963,False
fotmob,1692456,Relja Obric,620509,True
fotmob,1735847,Simone Cinquegrano,704987,True
fotmob,1816282,Alessandro Di Bitonto,fotmob_new_1816282,False
fotmob,1858596,Tommaso Macchioni,594993,True
fotmob,2022716,Gabriel Kulla,fotmob_new_2022716,False
fotmob,25587,Lorenzo De Silvestri,21125,True
fotmob,178732,Lukasz Skorupski,85288,True
fotmob,362195,Alessio Romagnoli,126551,True
fotmob,414245,Federico Bernardeschi,147297,True
fotmob,478447,Adam Marusic,169107,True
fotmob,541555,Mattia Zaccagni,157008,True
fotmob,629594,Alfonso Pedraza,fotmob_new_629594,False
fotmob,641595,Nikola Moro,218373,True
fotmob,655696,Artem Dovbyk,213294,True
fotmob,661761,Riccardo Orsolini,223966,True
fotmob,662205,Manuel Lazzari,156323,True
fotmob,689680,Jens Odgaard,219117,True
fotmob,724196,Danilho Doekhi,fotmob_new_724196,False
fotmob,790732,Tommaso Pobega,459025,True
fotmob,815431,Davide Frattesi,235453,True
fotmob,873956,Juan Miranda,433530,True
fotmob,888921,Lewis Ferguson,439492,True
fotmob,915156,Christos Mandas,fotmob_new_915156,False
fotmob,935550,Torbjørn Heggem,449652,True
fotmob,957118,Nuno Tavares,437626,True
fotmob,970565,Kenneth Taylor,441278,True
fotmob,972120,Boulaye Dia,468488,True
fotmob,1014630,Emil Holm,479401,True
fotmob,1016093,Gustav Isaksen,449896,True
fotmob,1017401,Roberto Piccoli,226267,True
fotmob,1020963,Nicolò Rovella,450024,True
fotmob,1044029,Nicolò Cambiaghi,483264,True
fotmob,1080669,Nadir Zortea,489209,True
fotmob,1091907,Fisayo Dele-Bashiru,215814,True
fotmob,1113694,Jonathan Rowe,fotmob_new_1113694,False
fotmob,1146500,Matteo Cancellieri,466149,True
fotmob,1198712,Martin Vitík,485066,True
fotmob,1282285,Tijjani Noslin,544865,True
fotmob,1283469,Oussama El Azzouzi,fotmob_new_1283469,False
fotmob,1302821,Petar Ratkov,530193,True
fotmob,1307957,Romano Floriani Mussolini,556998,True
fotmob,1333066,Rahim Alhassane,562061,True
fotmob,1333331,Oliver Provstgaard,497891,True
fotmob,1388071,Reda Belahyane,585579,True
fotmob,1435833,Adrian Przyborek,609683,True
fotmob,1444195,Davide Renzetti,fotmob_new_1444195,False
fotmob,1503574,Eivind Helland,617551,True
fotmob,1621082,Edoardo Motta,596827,True
fotmob,1661207,Mikel Amondarain,fotmob_new_1661207,False
fotmob,1696050,Massimo Pessina,636715,True
fotmob,1813717,Ukko Happonen,fotmob_new_1813717,False
fotmob,1816668,Valerio Farcomeni,638709,True
fotmob,2008804,Marco Libra,fotmob_new_2008804,False
fotmob,2159101,Ricardo Bordon,fotmob_new_2159101,False
fotmob,181910,Mattia Perin,87995,True
fotmob,196074,Carlo Pinsoglio,fotmob_new_196074,False
fotmob,277460,Arkadiusz Milik,103076,True
fotmob,353519,Kevin Akpoguma,fotmob_new_353519,False
fotmob,358155,Daniele Rugani,150710,True
fotmob,415425,Matteo Pisseri,fotmob_new_415425,False
fotmob,538501,Guglielmo Vicario,fotmob_new_538501,False
fotmob,617044,Florian Grillitsch,fotmob_new_617044,False
fotmob,624166,Manuel Locatelli,171387,True
fotmob,643229,Jérémie Boga,fotmob_new_643229,False
fotmob,746829,Giacomo Calò,fotmob_new_746829,False
fotmob,749488,Romano Schmid,fotmob_new_749488,False
fotmob,787350,Douglas Luiz,fotmob_new_787350,False
fotmob,819215,Lloyd Kelly,235530,True
fotmob,823825,Randal Kolo Muani,fotmob_new_823825,False
fotmob,841672,Nicolás González,fotmob_new_841672,False
fotmob,848266,Weston McKennie,241519,True
fotmob,850295,Alessio Zerbin,247099,True
fotmob,857269,Gleison Bremer,428585,True
fotmob,860913,Jhon Lucumí,217532,True
fotmob,862616,Edon Zhegrova,fotmob_new_862616,False
fotmob,866516,Teun Koopmeiners,204644,True
fotmob,867225,Zeki Çelik,171435,True
fotmob,939569,Jonathan David,421821,True
fotmob,980793,Khéphren Thuram-Ulien,242887,True
fotmob,992025,Aleksa Terzic,fotmob_new_992025,False
fotmob,1078846,Andrea Cambiaso,515759,True
fotmob,1083562,Juan Cabal,486797,True
fotmob,1117058,Ilario Monterisi,fotmob_new_1117058,False
fotmob,1131217,Pierre Kalulu,466041,True
fotmob,1185336,Francisco Conceição,fotmob_new_1185336,False
fotmob,1188316,Ilias Koutsoupias,fotmob_new_1188316,False
fotmob,1189223,Patrizio Masini,588118,True
fotmob,1235421,Anthony Oyono,fotmob_new_1235421,False
fotmob,1250568,Wisdom Amey,fotmob_new_1250568,False
fotmob,1256534,Antonio Raimondo,fotmob_new_1256534,False
fotmob,1280080,Fabio Miretti,493115,True
fotmob,1280112,Sebastiano Desplanches,fotmob_new_1280112,False
fotmob,1285119,Anouar El Azzouzi,fotmob_new_1285119,False
fotmob,1289655,Lorenzo Palmisani,fotmob_new_1289655,False
fotmob,1327513,Giorgio Cittadini,fotmob_new_1327513,False
fotmob,1342748,Giorgi Kvernadze,fotmob_new_1342748,False
fotmob,1396091,Gabriele Bracaglia,fotmob_new_1396091,False
fotmob,1402924,Luis Hasa,550269,True
fotmob,1412132,Kenan Yildiz,547103,True
fotmob,1415326,Gabriele Calvani,fotmob_new_1415326,False
fotmob,1445163,Seydou Fini,589998,True
fotmob,1670272,Matteo Cichella,fotmob_new_1670272,False
fotmob,1684401,Kerim Alajbegovic,fotmob_new_1684401,False
fotmob,169200,Kevin De Bruyne,61366,True
fotmob,215242,Leonardo Spinazzola,84161,True
fotmob,308517,Stanislav Lobotka,101820,True
fotmob,364104,Stefano Sabelli,126488,True
fotmob,414906,Giovanni Di Lorenzo,93661,True
fotmob,415539,Matteo Politano,153776,True
fotmob,517068,Nikita Contini,fotmob_new_517068,False
fotmob,543021,Vanja Milinkovic-Savic,193773,True
fotmob,544693,Amir Rrahmani,165196,True
fotmob,577912,Alex Meret,171366,True
fotmob,577914,Daniele Sommariva,195561,True
fotmob,612863,Frank Anguissa,203325,True
fotmob,684981,Aarón Martín,234369,True
fotmob,707970,Djibril Sow,fotmob_new_707970,False
fotmob,721533,Justin Bijlow,184933,True
fotmob,729093,Mathías Olivera,214966,True
fotmob,740944,Leo Østigard,462026,True
fotmob,793066,David Neres,235887,True
fotmob,837341,Noa Lang,421002,True
fotmob,843099,Scott McTominay,195851,True
fotmob,873573,Sam Beukema,433521,True
fotmob,914103,Johan Vásquez,431026,True
fotmob,921543,Morten Frendrup,445733,True
fotmob,942193,Mikael Egill Ellertsson,488006,True
fotmob,942549,Billy Gilmour,243568,True
fotmob,951238,Franz Stolz,fotmob_new_951238,False
fotmob,1003368,Junior Messias,432070,True
fotmob,1050163,Lorenzo Colombo,450025,True
fotmob,1184458,Mario Mitaj,fotmob_new_1184458,False
fotmob,1199272,Rasmus Højlund,497894,True
fotmob,1200591,Tommaso Baldanzi,518908,True
fotmob,1212630,Lorenzo Lucca,469130,True
fotmob,1214915,Brooke Norton-Cuffy,496181,True
fotmob,1215057,Vítinha,522479,True
fotmob,1313884,Rafa Marín,fotmob_new_1313884,False
fotmob,1320863,Antonio Vergara,563809,True
fotmob,1355552,Alisson Santos,539366,True
fotmob,1355574,Giovane Nascimento,576812,True
fotmob,1403328,Costantino Favasuli,fotmob_new_1403328,False
fotmob,1404077,Sebastian Otoa,594234,True
fotmob,1405996,David Puczka,fotmob_new_1405996,False
fotmob,1436436,Alessandro Marcandalli,624931,True
fotmob,1469120,Amorim,610163,True
fotmob,1670284,Adam Zulevic,fotmob_new_1670284,False
fotmob,1677025,Franz-Ethan Meichtry,fotmob_new_1677025,False
fotmob,1830782,Christian Garofalo,fotmob_new_1830782,False
fotmob,1902062,Samuel Wiafe,fotmob_new_1902062,False
fotmob,1910652,Mamedi Doucouré,656992,True
fotmob,263653,John Stones,fotmob_new_263653,False
fotmob,304733,Hakan Çalhanoglu,111732,True
fotmob,362212,Piotr Zielinski,126440,True
fotmob,364822,Ivan Provedel,151923,True
fotmob,417743,Raffaele Di Gennaro,149261,True
fotmob,521318,Manuel Akanji,211975,True
fotmob,541820,Nicolò Barella,171384,True
fotmob,605224,Federico Dimarco,161919,True
fotmob,611223,Benjamin Pavard,fotmob_new_611223,False
fotmob,621562,Marcus Thuram,205880,True
fotmob,639671,Patrick Cutrone,209353,True
fotmob,690230,Lautaro Martínez,209737,True
fotmob,772168,Josep Martínez,231188,True
fotmob,799497,Samuele Birindelli,fotmob_new_799497,False
fotmob,805451,Alessandro Bastoni,215977,True
fotmob,814284,Filippo Delli Carri,fotmob_new_814284,False
fotmob,824655,Ricardo Mangas,fotmob_new_824655,False
fotmob,889535,Yann Aurel Bisseck,438261,True
fotmob,899649,Valentin Antov,fotmob_new_899649,False
fotmob,917464,Semuel Pizzignacco,fotmob_new_917464,False
fotmob,937462,Andrea Colpani,fotmob_new_937462,False
fotmob,940829,Carlos Augusto,230843,True
fotmob,1114635,Luis Henrique,478270,True
fotmob,1123969,Andrea Carboni,fotmob_new_1123969,False
fotmob,1189402,Nicolas Galazzi,fotmob_new_1189402,False
fotmob,1190023,Omari Forson,fotmob_new_1190023,False
fotmob,1199383,Ange-Yoan Bonny,518531,True
fotmob,1254297,Andy Diouf,fotmob_new_1254297,False
fotmob,1367618,Francesco Pio Esposito,551444,True
fotmob,1382000,Petar Sucic,581229,True
fotmob,1410437,Aleksandar Stankovic,fotmob_new_1410437,False
fotmob,1425693,Adam Bakoune,fotmob_new_1425693,False
fotmob,1453338,Jay Robinson,fotmob_new_1453338,False
fotmob,1524139,Lorenzo Lucchesi,fotmob_new_1524139,False
fotmob,1577900,Foe Ondoa,fotmob_new_1577900,False
fotmob,1585676,Gustavo Varela,fotmob_new_1585676,False
fotmob,1668173,Solomon Loubao,fotmob_new_1668173,False
fotmob,1676901,Eddy Kouadio,654936,True
fotmob,1804416,Aljaz Strajnar,fotmob_new_1804416,False
fotmob,1814609,Jamal Iddrissou,fotmob_new_1814609,False
fotmob,1830575,Leonardo Bovio,fotmob_new_1830575,False
fotmob,1879542,Mathis Mout,fotmob_new_1879542,False
fotmob,2155256,Aleksandr Ballabio,fotmob_new_2155256,False
fotmob,435684,Boris Radunovic,fotmob_new_435684,False
fotmob,449283,Alessandro Deiola,162330,True
fotmob,496042,Yerry Mina,164511,True
fotmob,528453,Harry Winks,fotmob_new_528453,False
fotmob,822589,Pontus Almqvist,248755,True
fotmob,867789,Emanuele Valeri,430529,True
fotmob,935380,Enrico Del Prato,fotmob_new_935380,False
fotmob,936164,Michel Ndary Adopo,449470,True
fotmob,949731,Gabriele Zappa,235584,True
fotmob,951714,Adrián Bernabé,449926,True
fotmob,957107,Zé Pedro,545932,True
fotmob,958422,Elia Caprile,463912,True
fotmob,968029,Lautaro Valenti,462487,True
fotmob,1021302,Mattia Felici,476933,True
fotmob,1030646,Gennaro Borrelli,480374,True
fotmob,1053676,Abdoulaye Ndiaye,484743,True
fotmob,1054114,El Bilal Touré,fotmob_new_1054114,False
fotmob,1072054,Daniel Maldini,488253,True
fotmob,1097009,Oliver Sørensen,494784,True
fotmob,1117310,Edoardo Corvi,488616,True
fotmob,1159233,Alieu Fadera,509026,True
fotmob,1165232,Giuseppe Aurelio,fotmob_new_1165232,False
fotmob,1166344,Kevin Carlos,fotmob_new_1166344,False
fotmob,1178779,Alen Sherri,fotmob_new_1178779,False
fotmob,1190371,Matija Frigan,fotmob_new_1190371,False
fotmob,1199360,Franco Carboni,505185,True
fotmob,1233748,David Romero,fotmob_new_1233748,False
fotmob,1239749,Mandela Keita,534913,True
fotmob,1289961,Adam Obert,484995,True
fotmob,1290613,Nicolò Cavuoti,549167,True
fotmob,1305226,Ivan Sulev,572156,True
fotmob,1329487,Jacopo Fazzini,550095,True
fotmob,1354177,Benjamín Cremaschi,541690,True
fotmob,1393542,Christian Ordóñez,575886,True
fotmob,1396084,Raphael Kofler,fotmob_new_1396084,False
fotmob,1396089,Matteo Prati,588222,True
fotmob,1439776,Rachid Kouda,fotmob_new_1439776,False
fotmob,1460253,Nesta Elphege,617559,True
fotmob,1498718,Kingstone Mutandwa,fotmob_new_1498718,False
fotmob,1519035,Giovanni Daffara,fotmob_new_1519035,False
fotmob,1520184,Mariano Troilo,626942,True
fotmob,1621219,Juan Rodríguez,617160,True
fotmob,1684415,Ousmane Diallo,fotmob_new_1684415,False
fotmob,1705649,Alessandro Romano,fotmob_new_1705649,False
fotmob,1797278,Thomás de Martis,fotmob_new_1797278,False
fotmob,1807301,Joseph Liteta,618927,True
fotmob,1843609,Simone Lontani,fotmob_new_1843609,False
fotmob,1844134,Abdou-Salam Konate,604265,True
fotmob,1891769,Dominik Drobnic,577976,True
fotmob,1902196,Paul Mendy,687995,True
fotmob,1997571,Alessandro Mazzocchi,fotmob_new_1997571,False
fotmob,31097,Luka Modric,37055,True
fotmob,116555,Duván Zapata,103086,True
fotmob,239350,Cristiano Biraghi,88432,True
fotmob,352879,Adrien Rabiot,fotmob_new_352879,False
fotmob,415137,Alberto Paleari,152934,True
fotmob,466439,Mike Maignan,129487,True
fotmob,469615,Giovanni Simeone,166016,True
fotmob,557677,Nikola Vlasic,180151,True
fotmob,599353,Ché Adams,200439,True
fotmob,604982,Ruben Loftus-Cheek,126187,True
fotmob,688278,Pervis Estupinán,204214,True
fotmob,688295,Christian Pulisic,176413,True
fotmob,688300,Samuel Chukwueze,218328,True
fotmob,750880,Ardian Ismajli,229912,True
fotmob,823113,Sandro Kulenovic,235740,True
fotmob,844996,Matteo Gabbia,215979,True
fotmob,846761,Zakaria Aboukhlal,219263,True
fotmob,921341,Alexis Saelemaekers,437746,True
fotmob,935622,Marcus Holmgren Pedersen,450444,True
fotmob,940087,Gonçalo Ramos,fotmob_new_940087,False
fotmob,941656,Samuele Ricci,450023,True
fotmob,941953,Saúl Coco,451565,True
fotmob,1048023,Strahinja Pavlovic,487606,True
fotmob,1106074,Mario Gila,466064,True
fotmob,1110045,Gaetano Oristanio,465628,True
fotmob,1137272,Yunus Musah,244847,True
fotmob,1163219,Ardon Jashari,508855,True
fotmob,1163501,Filippo Terracciano,508625,True
fotmob,1200630,Koni De Winter,248881,True
fotmob,1218556,Kian Fitz-Jim,fotmob_new_1218556,False
fotmob,1301633,Emirhan Ilkhan,551286,True
fotmob,1339372,Cesare Casadei,505187,True
fotmob,1342754,Diego Moreira,fotmob_new_1342754,False
fotmob,1385856,Davide Bartesaghi,586248,True
fotmob,1421505,Gvidas Gineitis,561003,True
fotmob,1429871,Ali Dembélé,607395,True
fotmob,1445650,Alphadjo Cissè,fotmob_new_1445650,False
fotmob,1529222,Pietro Comuzzo,628413,True
fotmob,1554575,Francesco Camarda,633952,True
fotmob,1577119,Diego Mascardi,fotmob_new_1577119,False
fotmob,1607014,Alieu Njie,629450,True
fotmob,1642351,Niccolò Fortini,602122,True
fotmob,1642393,Lorenzo Torriani,fotmob_new_1642393,False
fotmob,1669433,Sankhoun Diawara,fotmob_new_1669433,False
fotmob,1746591,Alessio Cacciamani,fotmob_new_1746591,False
fotmob,1762472,Andrea Luongo,fotmob_new_1762472,False
fotmob,1787535,Christian Comotto,fotmob_new_1787535,False
fotmob,1817264,Lapo Siviero,fotmob_new_1817264,False
fotmob,1879686,Mattia Pellini,667790,True
fotmob,2022740,Leo Paul Bouyer,fotmob_new_2022740,False
fotmob,42692,Daniele Padelli,18377,True
fotmob,111741,Mauro Vigorito,fotmob_new_111741,False
fotmob,213501,Álvaro Morata,88482,True
fotmob,322003,Jesper Karlström,160602,True
fotmob,355356,Marc-Oliver Kempf,120670,True
fotmob,362121,Edoardo Goldaniga,147614,True
fotmob,488415,Hassane Kamara,171099,True
fotmob,557346,Sandi Lovric,191794,True
fotmob,560939,Jean Butez,201559,True
fotmob,560945,Mërgim Vojvoda,212667,True
fotmob,602845,Emil Audero,193509,True
fotmob,638090,Luis Milla,fotmob_new_638090,False
fotmob,644738,Vakoun Issouf Bayo,210464,True
fotmob,689987,Jakub Piotrowski,219155,True
fotmob,769167,Enzo Ebosse,208554,True
fotmob,793907,Trevoh Chalobah,fotmob_new_793907,False
fotmob,818893,Nicolò Zaniolo,245414,True
fotmob,822789,Alberto Dossena,247014,True
fotmob,846000,Maxence Caqueret,219296,True
fotmob,866708,Oumar Solet,432649,True
fotmob,873270,Anastasios Douvikas,fotmob_new_873270,False
fotmob,934156,Jurgen Ekkelenkamp,220238,True
fotmob,1076647,Lucas Da Cunha,465158,True
fotmob,1091193,Maduka Okoye,492443,True
fotmob,1106916,Oier Zarraga,245018,True
fotmob,1109171,Yan Couto,fotmob_new_1109171,False
fotmob,1122424,Noel Törnqvist,fotmob_new_1122424,False
fotmob,1146636,Edoardo Piana,fotmob_new_1146636,False
fotmob,1215064,Martin Baturina,522476,True
fotmob,1258292,Nicolò Bertola,539223,True
fotmob,1269329,James Abankwah,fotmob_new_1269329,False
fotmob,1336582,Máximo Perrone,482769,True
fotmob,1347574,Nico Paz,551493,True
fotmob,1353289,Ivan Smolcic,510565,True
fotmob,1384881,Álex Valle,551074,True
fotmob,1399969,Lennon Miller,568793,True
fotmob,1413963,Jacobo Ramón,592991,True
fotmob,1434889,Assane Diao,624877,True
fotmob,1436270,Unai Gómez,fotmob_new_1436270,False
fotmob,1450999,Juan Arizala,614790,True
fotmob,1459564,Kaiki,fotmob_new_1459564,False
fotmob,1480713,David Pejicic,577947,True
fotmob,1507697,Saba Goglichidze,570983,True
fotmob,1532261,Idrissa Gueye,632811,True
fotmob,1593861,Mattia Liberali,fotmob_new_1593861,False
fotmob,1615459,Adrian Lahdo,649948,True
fotmob,1624039,Jesús Rodríguez,638374,True
fotmob,1645922,Matteo Palma,647151,True
fotmob,1712223,Branimir Mlacic,685714,True
fotmob,1805112,Giulio Vinciati,683686,True
fotmob,1988949,Riccardo Cassano,679547,True
fotmob,362200,Wladimiro Falcone,126486,True
fotmob,414232,Ridgeciano Haps,fotmob_new_414232,False
fotmob,491784,Lorenzo Montipò,156245,True
fotmob,506322,Marco Bleve,fotmob_new_506322,False
fotmob,651435,Toma Basic,212851,True
fotmob,664587,Lassana Coulibaly,215047,True
fotmob,789243,Youssef Maleh,232066,True
fotmob,845368,John Yeboah,fotmob_new_845368,False
fotmob,866165,Lion Lauberbach,fotmob_new_866165,False
fotmob,879065,Antonino Gallo,462484,True
fotmob,883824,Willem Geubbels,fotmob_new_883824,False
fotmob,888167,Kike Pérez,fotmob_new_888167,False
fotmob,924431,Gianluca Busio,fotmob_new_924431,False
fotmob,939593,Thórir Helgason,449122,True
fotmob,951765,Armel Bella-Kotchap,477386,True
fotmob,958640,Akor Adams,fotmob_new_958640,False
fotmob,975242,Simon Sohm,449790,True
fotmob,992052,Thierry Correia,fotmob_new_992052,False
fotmob,1027594,Konan N’Dri,477240,True
fotmob,1039403,Santiago Pierotti,482466,True
fotmob,1041508,Corrie Ndaba,246265,True
fotmob,1050821,Simone Panada,fotmob_new_1050821,False
fotmob,1072710,Bartol Franjic,fotmob_new_1072710,False
fotmob,1130600,Filip Stankovic,fotmob_new_1130600,False
fotmob,1162514,Marko Lawk Farji,fotmob_new_1162514,False
fotmob,1178314,Nikola Stulic,509685,True
fotmob,1185260,Jamil Siebert,514410,True
fotmob,1202114,Omri Gandelman,491445,True
fotmob,1206806,Kialonda Gaspar,520242,True
fotmob,1285732,Sadik Fofana,546761,True
fotmob,1290968,Antoine Hainaut,fotmob_new_1290968,False
fotmob,1298186,Redouane Halhal,fotmob_new_1298186,False
fotmob,1306664,Danilo Veiga,503566,True
fotmob,1332538,Oumar Ngom,566980,True
fotmob,1352744,Joël Schingtienne,fotmob_new_1352744,False
fotmob,1357947,Alvin Okoro,fotmob_new_1357947,False
fotmob,1379468,Albion Rrahmani,fotmob_new_1379468,False
fotmob,1388039,Richie Sagrado,fotmob_new_1388039,False
fotmob,1414124,Olaf Gorter,551214,True
fotmob,1417101,Paco Esteban,fotmob_new_1417101,False
fotmob,1460862,Lamine Fanne,fotmob_new_1460862,False
fotmob,1529483,Kornel Lisman,fotmob_new_1529483,False
fotmob,1574492,Tiago Gabriel,647210,True
fotmob,1592168,Matteo Dagasso,fotmob_new_1592168,False
fotmob,1666063,Hjalte Laerke,fotmob_new_1666063,False
fotmob,1842921,Ale Gomes,fotmob_new_1842921,False
fotmob,1879688,Plamen Penev,fotmob_new_1879688,False
