source,native_id,name,team_name,team_norm,team_cluster,cluster_id
fotmob,1668963,Federico Cassa,Atalanta,atalanta,atalanta,new_2026_0
opta,617164,Federico Cassa,Atalanta,atalanta,atalanta,new_2026_0
fotmob,1594898,Paolo Vismara,Atalanta,atalanta,atalanta,new_2026_1
fotmob,1835436,Brando Mazzeo,Fiorentina,fiorentina,fiorentina,new_2026_10
opta,682910,Brando Mazzeo,Fiorentina,fiorentina,fiorentina,new_2026_10
fotmob,845368,John Yeboah,Venezia,venezia,venezia,new_2026_100
whoscored,365389,John Yeboah,Venezia,venezia,venezia,new_2026_100
fotmob,1379468,Albion Rrahmani,Venezia,venezia,venezia,new_2026_101
whoscored,418516,Albion Rrahmani,Venezia,venezia,venezia,new_2026_101
fotmob,888167,Kike Pérez,Venezia,venezia,venezia,new_2026_102
whoscored,395579,Kike Pérez,Venezia,venezia,venezia,new_2026_102
fotmob,414232,Ridgeciano Haps,Venezia,venezia,venezia,new_2026_103
whoscored,122398,Ridgeciano Haps,Venezia,venezia,venezia,new_2026_103
fotmob,1388039,Richie Sagrado,Venezia,venezia,venezia,new_2026_104
whoscored,442979,Richie Sagrado,Venezia,venezia,venezia,new_2026_104
fotmob,1130600,Filip Stankovic,Venezia,venezia,venezia,new_2026_105
whoscored,391573,Filip Stankovic,Venezia,venezia,venezia,new_2026_105
fotmob,1290968,Antoine Hainaut,Venezia,venezia,venezia,new_2026_106
whoscored,447493,Antoine Hainaut,Venezia,venezia,venezia,new_2026_106
fotmob,1592168,Matteo Dagasso,Venezia,venezia,venezia,new_2026_107
whoscored,495552,Matteo Dagasso,Venezia,venezia,venezia,new_2026_107
fotmob,1352744,Joël Schingtienne,Venezia,venezia,venezia,new_2026_108
whoscored,445367,Joël Schingtienne,Venezia,venezia,venezia,new_2026_108
fotmob,866165,Lion Lauberbach,Venezia,venezia,venezia,new_2026_109
fotmob,1666494,Christ Inao Oulaï,Fiorentina,fiorentina,fiorentina,new_2026_11
opta,660728,Christ Inao Oulaï,Fiorentina,fiorentina,fiorentina,new_2026_11
whoscored,547352,Christ Inao Oulaï,Fiorentina,fiorentina,fiorentina,new_2026_11
fotmob,1050821,Simone Panada,Venezia,venezia,venezia,new_2026_110
fotmob,1162514,Marko Lawk Farji,Venezia,venezia,venezia,new_2026_111
fotmob,1298186,Redouane Halhal,Venezia,venezia,venezia,new_2026_112
fotmob,1357947,Alvin Okoro,Venezia,venezia,venezia,new_2026_113
fotmob,1460862,Lamine Fanne,Venezia,venezia,venezia,new_2026_114
fotmob,1529483,Kornel Lisman,Venezia,venezia,venezia,new_2026_115
fotmob,1842921,Ale Gomes,Venezia,venezia,venezia,new_2026_116
fotmob,2018923,Federico Croci,Fiorentina,fiorentina,fiorentina,new_2026_12
opta,665767,Federico Croci,Fiorentina,fiorentina,fiorentina,new_2026_12
fotmob,1501917,Viery,Fiorentina,fiorentina,fiorentina,new_2026_13
opta,624094,Viery,Fiorentina,fiorentina,fiorentina,new_2026_13
fotmob,1327513,Giorgio Cittadini,Frosinone,frosinone,frosinone,new_2026_14
whoscored,430899,Giorgio Cittadini,Frosinone,frosinone,frosinone,new_2026_14
fotmob,1289655,Lorenzo Palmisani,Frosinone,frosinone,frosinone,new_2026_15
whoscored,447439,Lorenzo Palmisani,Frosinone,frosinone,frosinone,new_2026_15
fotmob,746829,Giacomo Calò,Frosinone,frosinone,frosinone,new_2026_16
whoscored,316947,Giacomo Calò,Frosinone,frosinone,frosinone,new_2026_16
fotmob,1235421,Anthony Oyono,Frosinone,frosinone,frosinone,new_2026_17
whoscored,431032,Anthony Oyono,Frosinone,frosinone,frosinone,new_2026_17
fotmob,1396091,Gabriele Bracaglia,Frosinone,frosinone,frosinone,new_2026_18
whoscored,447442,Gabriele Bracaglia,Frosinone,frosinone,frosinone,new_2026_18
fotmob,1415326,Gabriele Calvani,Frosinone,frosinone,frosinone,new_2026_19
whoscored,460562,Gabriele Calvani,Frosinone,frosinone,frosinone,new_2026_19
fotmob,2008804,Marco Libra,Bologna,bologna,bologna,new_2026_2
opta,650842,Marco Libra,Bologna,bologna,bologna,new_2026_2
fotmob,1342748,Giorgi Kvernadze,Frosinone,frosinone,frosinone,new_2026_20
whoscored,477060,Giorgi Kvernadze,Frosinone,frosinone,frosinone,new_2026_20
fotmob,992025,Aleksa Terzic,Frosinone,frosinone,frosinone,new_2026_21
whoscored,377261,Aleksa Terzic,Frosinone,frosinone,frosinone,new_2026_21
fotmob,1117058,Ilario Monterisi,Frosinone,frosinone,frosinone,new_2026_22
whoscored,389124,Ilario Monterisi,Frosinone,frosinone,frosinone,new_2026_22
whoscored,450288,Luis Hasa,Frosinone,frosinone,frosinone,new_2026_23
fotmob,1670272,Matteo Cichella,Frosinone,frosinone,frosinone,new_2026_24
whoscored,536355,Matteo Cichella,Frosinone,frosinone,frosinone,new_2026_24
fotmob,1256534,Antonio Raimondo,Frosinone,frosinone,frosinone,new_2026_25
whoscored,415892,Antonio Raimondo,Frosinone,frosinone,frosinone,new_2026_25
fotmob,415425,Matteo Pisseri,Frosinone,frosinone,frosinone,new_2026_26
fotmob,617044,Florian Grillitsch,Frosinone,frosinone,frosinone,new_2026_27
fotmob,1188316,Ilias Koutsoupias,Frosinone,frosinone,frosinone,new_2026_28
fotmob,1250568,Wisdom Amey,Frosinone,frosinone,frosinone,new_2026_29
fotmob,1661207,Mikel Amondarain,Bologna,bologna,bologna,new_2026_3
opta,625459,Mikel Amondarain,Bologna,bologna,bologna,new_2026_3
whoscored,490854,Mikel Amondarain,Bologna,bologna,bologna,new_2026_3
fotmob,1280112,Sebastiano Desplanches,Frosinone,frosinone,frosinone,new_2026_30
fotmob,1285119,Anouar El Azzouzi,Frosinone,frosinone,frosinone,new_2026_31
fotmob,1670284,Adam Zulevic,Genoa,genoa,genoa,new_2026_32
opta,662323,Adam Zulevic,Genoa,genoa,genoa,new_2026_32
whoscored,641371,Adam Zulevic,Genoa,genoa,genoa,new_2026_32
fotmob,1405996,David Puczka,Genoa,genoa,genoa,new_2026_33
opta,520217,David Puczka,Genoa,genoa,genoa,new_2026_33
fotmob,1677025,Franz-Ethan Meichtry,Genoa,genoa,genoa,new_2026_34
opta,661006,Ethan Meichtry,Genoa,genoa,genoa,new_2026_34
whoscored,582356,Ethan Meichtry,Genoa,genoa,genoa,new_2026_34
fotmob,1184458,Mario Mitaj,Genoa,genoa,genoa,new_2026_35
opta,474900,Mario Mitaj,Genoa,genoa,genoa,new_2026_35
fotmob,1902062,Samuel Wiafe,Genoa,genoa,genoa,new_2026_36
opta,613692,Samuel Wiafe,Genoa,genoa,genoa,new_2026_36
fotmob,951238,Franz Stolz,Genoa,genoa,genoa,new_2026_37
fotmob,1410437,Aleksandar Stankovic,Internazionale,internazionale,inter,new_2026_38
opta,563722,Aleksandar Stankovic,Inter,inter,inter,new_2026_38
whoscored,459075,Aleksandar Stankovic,Inter,inter,inter,new_2026_38
fotmob,1814609,Jamal Iddrissou,Internazionale,internazionale,inter,new_2026_39
opta,669929,Jamal Iddrissou,Inter,inter,inter,new_2026_39
fotmob,1165232,Giuseppe Aurelio,Cagliari,cagliari,cagliari,new_2026_4
opta,508629,Giuseppe Aurelio,Cagliari,cagliari,cagliari,new_2026_4
whoscored,395932,Giuseppe Aurelio,Cagliari,cagliari,cagliari,new_2026_4
fotmob,1830575,Leonardo Bovio,Internazionale,internazionale,inter,new_2026_40
opta,631126,Leonardo Bovio,Inter,inter,inter,new_2026_40
fotmob,1684401,Kerim Alajbegovic,Juventus,juventus,juventus,new_2026_41
opta,593271,Kerim Alajbegovic,Juventus,juventus,juventus,new_2026_41
fotmob,2159101,Ricardo Bordon,Lazio,lazio,lazio,new_2026_42
opta,681438,Ricardo Bordon,Lazio,lazio,lazio,new_2026_42
whoscored,418171,Christos Mandas,Lazio,lazio,lazio,new_2026_43
fotmob,1444195,Davide Renzetti,Lazio,lazio,lazio,new_2026_44
fotmob,1666063,Hjalte Laerke,Lecce,lecce,lecce,new_2026_45
opta,670530,Hjalte Lærke,Lecce,lecce,lecce,new_2026_45
fotmob,1417101,Paco Esteban,Lecce,lecce,lecce,new_2026_46
opta,598675,Paco Esteban,Lecce,lecce,lecce,new_2026_46
whoscored,577174,Olaf Gorter,Lecce,lecce,lecce,new_2026_47
fotmob,506322,Marco Bleve,Lecce,lecce,lecce,new_2026_48
fotmob,1445650,Alphadjo Cissè,Milan,milan,milan,new_2026_49
opta,578315,Alphadjo Cissè,AC Milan,ac milan,milan,new_2026_49
whoscored,475622,Alphadjo Cissè,AC Milan,ac milan,milan,new_2026_49
fotmob,528453,Harry Winks,Cagliari,cagliari,cagliari,new_2026_5
opta,157668,Harry Winks,Cagliari,cagliari,cagliari,new_2026_5
whoscored,143990,Harry Winks,Cagliari,cagliari,cagliari,new_2026_5
fotmob,1787535,Christian Comotto,Milan,milan,milan,new_2026_50
opta,631119,Christian Comotto,AC Milan,ac milan,milan,new_2026_50
fotmob,1669433,Sankhoun Diawara,Milan,milan,milan,new_2026_51
opta,662133,Sankhoun Diawara,AC Milan,ac milan,milan,new_2026_51
fotmob,2022740,Leo Paul Bouyer,Milan,milan,milan,new_2026_52
fotmob,1879542,Mathis Mout,Monza,monza,monza,new_2026_53
whoscored,605289,Mathis Mout,Monza,monza,monza,new_2026_53
fotmob,1585676,Gustavo Varela,Monza,monza,monza,new_2026_54
whoscored,527501,Gustavo Varela,Monza,monza,monza,new_2026_54
fotmob,1425693,Adam Bakoune,Monza,monza,monza,new_2026_55
whoscored,468675,Adam Bakoune,Monza,monza,monza,new_2026_55
fotmob,1190023,Omari Forson,Monza,monza,monza,new_2026_56
whoscored,491385,Omari Forson,Monza,monza,monza,new_2026_56
fotmob,937462,Andrea Colpani,Monza,monza,monza,new_2026_57
whoscored,356733,Andrea Colpani,Monza,monza,monza,new_2026_57
whoscored,511708,Manga Foe Ondoa,Monza,monza,monza,new_2026_58
fotmob,1524139,Lorenzo Lucchesi,Monza,monza,monza,new_2026_59
whoscored,497047,Lorenzo Lucchesi,Monza,monza,monza,new_2026_59
fotmob,1498718,Kingstone Mutandwa,Cagliari,cagliari,cagliari,new_2026_6
opta,612704,Kingstone Mutandwa,Cagliari,cagliari,cagliari,new_2026_6
whoscored,484359,Kingstone Mutandwa,Cagliari,cagliari,cagliari,new_2026_6
fotmob,1453338,Jay Robinson,Monza,monza,monza,new_2026_60
whoscored,538255,Jay Robinson,Monza,monza,monza,new_2026_60
fotmob,814284,Filippo Delli Carri,Monza,monza,monza,new_2026_61
whoscored,331063,Filippo Delli Carri,Monza,monza,monza,new_2026_61
fotmob,1189402,Nicolas Galazzi,Monza,monza,monza,new_2026_62
whoscored,423516,Nicolas Galazzi,Monza,monza,monza,new_2026_62
fotmob,824655,Ricardo Mangas,Monza,monza,monza,new_2026_63
whoscored,389108,Ricardo Mangas,Monza,monza,monza,new_2026_63
fotmob,799497,Samuele Birindelli,Monza,monza,monza,new_2026_64
whoscored,328785,Samuele Birindelli,Monza,monza,monza,new_2026_64
fotmob,1123969,Andrea Carboni,Monza,monza,monza,new_2026_65
whoscored,390493,Andrea Carboni,Monza,monza,monza,new_2026_65
fotmob,917464,Semuel Pizzignacco,Monza,monza,monza,new_2026_66
whoscored,351408,Semuel Pizzignacco,Monza,monza,monza,new_2026_66
fotmob,899649,Valentin Antov,Monza,monza,monza,new_2026_67
fotmob,1577900,Foe Ondoa,Monza,monza,monza,new_2026_68
fotmob,1668173,Solomon Loubao,Monza,monza,monza,new_2026_69
fotmob,1396084,Raphael Kofler,Cagliari,cagliari,cagliari,new_2026_7
opta,587803,Raphael Kofler,Cagliari,cagliari,cagliari,new_2026_7
fotmob,1804416,Aljaz Strajnar,Monza,monza,monza,new_2026_70
fotmob,2155256,Aleksandr Ballabio,Monza,monza,monza,new_2026_71
fotmob,1830782,Christian Garofalo,Napoli,napoli,napoli,new_2026_72
opta,577684,Christian Garofalo,Napoli,napoli,napoli,new_2026_72
fotmob,1403328,Costantino Favasuli,Napoli,napoli,napoli,new_2026_73
opta,587833,Costantino Favasuli,Napoli,napoli,napoli,new_2026_73
fotmob,1233748,David Romero,Parma,parma,parma,new_2026_74
opta,482766,David Romero,Parma,parma,parma,new_2026_74
fotmob,1054114,El Bilal Touré,Parma,parma,parma,new_2026_75
opta,476489,El Bilal Touré,Parma,parma,parma,new_2026_75
whoscored,391527,El Bilal Touré,Parma Calcio 1913,parma calcio 1913,parma,new_2026_75
fotmob,1190371,Matija Frigan,Parma,parma,parma,new_2026_76
opta,521472,Matija Frigan,Parma,parma,parma,new_2026_76
fotmob,1684415,Ousmane Diallo,Parma,parma,parma,new_2026_77
opta,633419,Ousmane Diallo,Parma,parma,parma,new_2026_77
whoscored,574054,Ousmane Diallo,Parma Calcio 1913,parma calcio 1913,parma,new_2026_77
fotmob,1439776,Rachid Kouda,Parma,parma,parma,new_2026_78
opta,625908,Rachid Kouda,Parma,parma,parma,new_2026_78
whoscored,494399,Rachid Kouda,Parma Calcio 1913,parma calcio 1913,parma,new_2026_78
fotmob,1843609,Simone Lontani,Parma,parma,parma,new_2026_79
opta,631127,Simone Lontani,Parma,parma,parma,new_2026_79
whoscored,643601,Simone Lontani,Parma Calcio 1913,parma calcio 1913,parma,new_2026_79
fotmob,1459564,Kaiki,Como,como,como,new_2026_8
opta,535554,Kaiki,Como,como,como,new_2026_8
fotmob,1797278,Thomás de Martis,Parma,parma,parma,new_2026_80
opta,659246,Thomás de Martis,Parma,parma,parma,new_2026_80
whoscored,599855,Abdou-Salam Konate,Parma Calcio 1913,parma calcio 1913,parma,new_2026_81
fotmob,1519035,Giovanni Daffara,Parma,parma,parma,new_2026_82
fotmob,1525065,Rodrigo Mora,Roma,roma,roma,new_2026_83
opta,593207,Rodrigo Mora,Roma,roma,roma,new_2026_83
whoscored,532725,Rodrigo Mora,Roma,roma,roma,new_2026_83
whoscored,578592,Emanuele Lulli,Roma,roma,roma,new_2026_84
fotmob,1816282,Alessandro Di Bitonto,Sassuolo,sassuolo,sassuolo,new_2026_85
opta,666360,Alessandro Di Bitonto,Sassuolo,sassuolo,sassuolo,new_2026_85
fotmob,1203195,Fedde Leysen,Sassuolo,sassuolo,sassuolo,new_2026_86
opta,519635,Fedde Leysen,Sassuolo,sassuolo,sassuolo,new_2026_86
whoscored,428122,Fedde Leysen,Sassuolo,sassuolo,sassuolo,new_2026_86
fotmob,2022716,Gabriel Kulla,Sassuolo,sassuolo,sassuolo,new_2026_87
opta,669708,Gabriel Kulla,Sassuolo,sassuolo,sassuolo,new_2026_87
whoscored,644183,Gabriel Kulla,Sassuolo,sassuolo,sassuolo,new_2026_87
fotmob,1398350,Patrick Nuamah,Sassuolo,sassuolo,sassuolo,new_2026_88
opta,588203,Patrick Nuamah,Sassuolo,sassuolo,sassuolo,new_2026_88
fotmob,1210653,Riccardo Ciervo,Sassuolo,sassuolo,sassuolo,new_2026_89
opta,515593,Riccardo Ciervo,Sassuolo,sassuolo,sassuolo,new_2026_89
whoscored,407149,Riccardo Ciervo,Sassuolo,sassuolo,sassuolo,new_2026_89
fotmob,1593861,Mattia Liberali,Como,como,como,new_2026_9
opta,577694,Mattia Liberali,Como,como,como,new_2026_9
whoscored,533537,Mattia Liberali,Como,como,como,new_2026_9
whoscored,587699,Simone Cinquegrano,Sassuolo,sassuolo,sassuolo,new_2026_90
whoscored,422803,Cas Odenthal,Sassuolo,sassuolo,sassuolo,new_2026_91
fotmob,1746591,Alessio Cacciamani,Torino,torino,torino,new_2026_92
opta,643622,Alessio Cacciamani,Torino,torino,torino,new_2026_92
whoscored,558992,Alessio Cacciamani,Torino,torino,torino,new_2026_92
fotmob,1762472,Andrea Luongo,Torino,torino,torino,new_2026_93
opta,635773,Andrea Luongo,Torino,torino,torino,new_2026_93
fotmob,1218556,Kian Fitz-Jim,Torino,torino,torino,new_2026_94
opta,492771,Kian Fitz-Jim,Torino,torino,torino,new_2026_94
whoscored,415781,Kian Fitz-Jim,Torino,torino,torino,new_2026_94
fotmob,1577119,Diego Mascardi,Torino,torino,torino,new_2026_95
whoscored,497569,Diego Mascardi,Torino,torino,torino,new_2026_95
fotmob,1269329,James Abankwah,Udinese,udinese,udinese,new_2026_96
opta,491266,James Abankwah,Udinese,udinese,udinese,new_2026_96
whoscored,446988,James Abankwah,Udinese,udinese,udinese,new_2026_96
fotmob,1146636,Edoardo Piana,Udinese,udinese,udinese,new_2026_97
fotmob,924431,Gianluca Busio,Venezia,venezia,venezia,new_2026_98
whoscored,358142,Gianluca Busio,Venezia,venezia,venezia,new_2026_98
fotmob,1072710,Bartol Franjic,Venezia,venezia,venezia,new_2026_99
whoscored,404275,Bartol Franjic,Venezia,venezia,venezia,new_2026_99
opta,578303,Adam Bakoune,,,,
opta,543173,Albion Rrahmani,,,,
opta,712678,Ale Gomes,,,,
opta,430847,Aleksa Terzic,,,,
opta,577193,Alvin Okoro,,,,
opta,501395,Andrea Carboni,,,,
opta,449739,Andrea Colpani,,,,
opta,464965,Anouar El Azzouzi,,,,
opta,520025,Anthony Oyono,,,,
opta,588403,Antoine Hainaut,,,,
opta,538734,Antonio Raimondo,,,,
opta,240996,Bartol Franjic,,,,
opta,436416,Christos Mandas,,,,
opta,596959,Diego Mascardi,,,,
opta,465626,Filip Stankovic,,,,
opta,244397,Filippo Delli Carri,,,,
opta,210159,Florian Grillitsch,,,,
opta,588664,Gabriele Bracaglia,,,,
opta,594346,Gabriele Calvani,,,,
opta,226522,Giacomo Calò,,,,
opta,427168,Gianluca Busio,,,,
opta,558122,Giorgi Kvernadze,,,,
opta,493261,Giorgio Cittadini,,,,
opta,561812,Gustavo Varela,,,,
opta,499207,Ilario Monterisi,,,,
opta,492199,Ilias Koutsoupias,,,,
opta,495024,Jay Robinson,,,,
opta,241243,John Yeboah,,,,
opta,585392,Joël Schingtienne,,,,
opta,241865,Kike Pérez,,,,
opta,639018,Kornel Lisman,,,,
opta,617693,Lamine Fanne,,,,
opta,428364,Lion Lauberbach,,,,
opta,629287,Lorenzo Lucchesi,,,,
opta,547908,Lorenzo Palmisani,,,,
opta,640813,Manga Foe Ondoa,,,,
opta,549738,Marko Farji,,,,
opta,598561,Mathis Mout,,,,
opta,576530,Matteo Cichella,,,,
opta,628209,Matteo Dagasso,,,,
opta,516018,Nicolas Galazzi,,,,
opta,487828,Omari Forson,,,,
opta,552173,Redouane Halhal,,,,
opta,176490,Ricardo Mangas,,,,
opta,513537,Richie Sagrado,,,,
opta,148435,Ridgeciano Haps,,,,
opta,241711,Samuele Birindelli,,,,
opta,444455,Semuel Pizzignacco,,,,
opta,487989,Simone Panada,,,,
opta,664879,Solomon Loubao,,,,
opta,235001,Valentin Antov,,,,
opta,537503,Wisdom Amey,,,,
